{"cameraMode":{"drawMode":0,"name":"Shaded","section":"Shading Mode"},"sceneLighting":false,"audioPlay":false,"sceneViewState":{"showFog":true,"showMaterialUpdate":false,"showSkybox":true,"showFlares":true,"showImageEffects":true,"showParticleSystems":true},"in2DMode":false,"pivot":{"x":295.0283203125,"y":201.11012268066407,"z":227.283447265625},"rotation":{"x":-0.19111159443855287,"y":0.012364388443529606,"z":-0.0024074530228972437,"w":-0.981487512588501},"size":435.62908935546877,"orthographic":true}