{"cameraMode":{"drawMode":0,"name":"Shaded","section":"Shading Mode"},"sceneLighting":false,"audioPlay":false,"sceneViewState":{"showFog":true,"showMaterialUpdate":false,"showSkybox":true,"showFlares":true,"showImageEffects":true,"showParticleSystems":true},"in2DMode":false,"pivot":{"x":1.6298465728759766,"y":9.139276504516602,"z":1.000321388244629},"rotation":{"x":-0.05713736265897751,"y":0.9371019601821899,"z":-0.18392805755138398,"w":-0.2911112308502197},"size":91.064697265625,"orthographic":false}