{"cameraMode":{"drawMode":0,"name":"Shaded","section":"Shading Mode"},"sceneLighting":true,"audioPlay":false,"sceneViewState":{"showFog":true,"showMaterialUpdate":false,"showSkybox":true,"showFlares":true,"showImageEffects":true,"showParticleSystems":true},"in2DMode":false,"pivot":{"x":12.750594139099121,"y":-315.2910461425781,"z":226.33384704589845},"rotation":{"x":-0.10150513797998429,"y":0.887799084186554,"z":-0.23599271476268769,"w":-0.3818598687648773},"size":1259.412841796875,"orthographic":false}