{"cameraMode":{"drawMode":0,"name":"Shaded","section":"Shading Mode"},"sceneLighting":false,"audioPlay":false,"sceneViewState":{"showFog":true,"showMaterialUpdate":false,"showSkybox":true,"showFlares":true,"showImageEffects":true,"showParticleSystems":true},"in2DMode":false,"pivot":{"x":0.03238105773925781,"y":6.288188934326172,"z":1.0992422103881837},"rotation":{"x":-0.10150513797998429,"y":0.887799084186554,"z":-0.23599271476268769,"w":-0.3818598687648773},"size":17.29423713684082,"orthographic":false}