{"cameraMode":{"drawMode":0,"name":"Shaded","section":"Shading Mode"},"sceneLighting":false,"audioPlay":false,"sceneViewState":{"showFog":true,"showMaterialUpdate":false,"showSkybox":true,"showFlares":true,"showImageEffects":true,"showParticleSystems":true},"in2DMode":false,"pivot":{"x":-0.5252981185913086,"y":6.853110313415527,"z":-0.0026636123657226564},"rotation":{"x":-0.10150513797998429,"y":0.887799084186554,"z":-0.23599271476268769,"w":-0.3818598687648773},"size":23.0064697265625,"orthographic":false}